label,per_class_acc
Premium_White,0.9584647739221872
Near_Colorless_High,0.5086115992970123
Near_Colorless_Low,0.6198433420365536
Faint_Yellow,0.6376089663760897
Very_Light_Yellow,0.7991452991452992
Light_Yellow,0.7142857142857143
Yellow_LowEnd,0.8780487804878049
