{
  "acc": 0.7274886410574143,
  "bacc": 0.7308583536500944,
  "per_class_acc": [
    0.9584647739221872,
    0.5086115992970123,
    0.6198433420365536,
    0.6376089663760897,
    0.7991452991452992,
    0.7142857142857143,
    0.8780487804878049
  ],
  "confusion_matrix": [
    [
      3646,
      149,
      8,
      1,
      0,
      0,
      0
    ],
    [
      1042,
      1447,
      342,
      14,
      0,
      0,
      0
    ],
    [
      54,
      349,
      1187,
      303,
      21,
      0,
      1
    ],
    [
      1,
      2,
      99,
      512,
      187,
      2,
      0
    ],
    [
      0,
      0,
      0,
      15,
      187,
      27,
      5
    ],
    [
      0,
      0,
      0,
      0,
      4,
      30,
      8
    ],
    [
      0,
      0,
      0,
      0,
      3,
      2,
      36
    ]
  ],
  "labels": [
    "Premium_White",
    "Near_Colorless_High",
    "Near_Colorless_Low",
    "Faint_Yellow",
    "Very_Light_Yellow",
    "Light_Yellow",
    "Yellow_LowEnd"
  ],
  "best_bacc": 0.7308583536500944,
  "epoch": 3,
  "model": "efficientnet_v2_s",
  "ordinal": true,
  "train_loss": 0.269305158815632
}