{
  "acc": 0.6353779429987608,
  "bacc": 0.601229589300862,
  "labels": [
    "Premium_White",
    "Near_Colorless_High",
    "Near_Colorless_Low",
    "Faint_Yellow",
    "Very_Light_Yellow",
    "Light_Yellow",
    "Yellow_LowEnd"
  ],
  "per_class_acc": [
    0.7820715036803365,
    0.4843585237258348,
    0.5446475195822454,
    0.6724782067247821,
    0.7564102564102564,
    0.2857142857142857,
    0.6829268292682927
  ],
  "confusion_matrix": [
    [
      2975,
      692,
      96,
      6,
      1,
      24,
      10
    ],
    [
      618,
      1378,
      749,
      55,
      3,
      26,
      16
    ],
    [
      47,
      288,
      1043,
      473,
      42,
      15,
      7
    ],
    [
      1,
      3,
      100,
      540,
      151,
      5,
      3
    ],
    [
      0,
      0,
      0,
      45,
      177,
      11,
      1
    ],
    [
      0,
      0,
      0,
      0,
      27,
      12,
      3
    ],
    [
      0,
      0,
      0,
      0,
      5,
      8,
      28
    ]
  ]
}