label,per_class_acc
Premium_White,0.9600420609884333
Near_Colorless_High,0.556414762741652
Near_Colorless_Low,0.4960835509138381
Faint_Yellow,0.6687422166874222
Very_Light_Yellow,0.7649572649572649
Light_Yellow,0.8095238095238095
Yellow_LowEnd,0.9512195121951219
