{
  "acc": 0.7201569599339116,
  "bacc": 0.7438547397153632,
  "per_class_acc": [
    0.9600420609884333,
    0.556414762741652,
    0.4960835509138381,
    0.6687422166874222,
    0.7649572649572649,
    0.8095238095238095,
    0.9512195121951219
  ],
  "confusion_matrix": [
    [
      3652,
      147,
      4,
      1,
      0,
      0,
      0
    ],
    [
      1062,
      1583,
      189,
      11,
      0,
      0,
      0
    ],
    [
      52,
      542,
      950,
      358,
      12,
      0,
      1
    ],
    [
      1,
      4,
      89,
      537,
      169,
      3,
      0
    ],
    [
      0,
      0,
      0,
      12,
      179,
      35,
      8
    ],
    [
      0,
      0,
      0,
      0,
      0,
      34,
      8
    ],
    [
      0,
      0,
      0,
      0,
      1,
      1,
      39
    ]
  ],
  "labels": [
    "Premium_White",
    "Near_Colorless_High",
    "Near_Colorless_Low",
    "Faint_Yellow",
    "Very_Light_Yellow",
    "Light_Yellow",
    "Yellow_LowEnd"
  ],
  "best_bacc": 0.7438547397153632,
  "epoch": 4,
  "model": "efficientnet_v2_s",
  "ordinal": true,
  "train_loss": 0.24352352119040924
}