label,per_class_acc
Premium_White,0.897739221871714
Near_Colorless_High,0.6010544815465729
Near_Colorless_Low,0.6198433420365536
Faint_Yellow,0.6562889165628891
Very_Light_Yellow,0.7863247863247863
Light_Yellow,0.38095238095238093
Yellow_LowEnd,0.8536585365853658
