{
  "acc": 0.7304832713754646,
  "bacc": 0.6851230951257518,
  "per_class_acc": [
    0.897739221871714,
    0.6010544815465729,
    0.6198433420365536,
    0.6562889165628891,
    0.7863247863247863,
    0.38095238095238093,
    0.8536585365853658
  ],
  "confusion_matrix": [
    [
      3415,
      381,
      7,
      1,
      0,
      0,
      0
    ],
    [
      705,
      1710,
      421,
      9,
      0,
      0,
      0
    ],
    [
      22,
      375,
      1187,
      315,
      15,
      0,
      1
    ],
    [
      1,
      1,
      109,
      527,
      162,
      2,
      1
    ],
    [
      0,
      0,
      1,
      18,
      184,
      21,
      10
    ],
    [
      0,
      0,
      0,
      0,
      5,
      16,
      21
    ],
    [
      0,
      0,
      0,
      0,
      6,
      0,
      35
    ]
  ],
  "labels": [
    "Premium_White",
    "Near_Colorless_High",
    "Near_Colorless_Low",
    "Faint_Yellow",
    "Very_Light_Yellow",
    "Light_Yellow",
    "Yellow_LowEnd"
  ],
  "best_bacc": 0.6851230951257518,
  "epoch": 2,
  "model": "efficientnet_v2_s",
  "ordinal": true,
  "train_loss": 0.3945316957981994
}