label,per_class_acc
Premium_White,0.9232386961093586
Near_Colorless_High,0.6502636203866432
Near_Colorless_Low,0.6684073107049608
Faint_Yellow,0.7795765877957659
Very_Light_Yellow,0.7350427350427351
Light_Yellow,0.7857142857142857
Yellow_LowEnd,0.8780487804878049
