{
  "acc": 0.7754027261462205,
  "bacc": 0.7743274308916507,
  "per_class_acc": [
    0.9232386961093586,
    0.6502636203866432,
    0.6684073107049608,
    0.7795765877957659,
    0.7350427350427351,
    0.7857142857142857,
    0.8780487804878049
  ],
  "confusion_matrix": [
    [
      3512,
      279,
      12,
      1,
      0,
      0,
      0
    ],
    [
      640,
      1850,
      344,
      11,
      0,
      0,
      0
    ],
    [
      7,
      327,
      1280,
      291,
      9,
      0,
      1
    ],
    [
      1,
      0,
      88,
      626,
      86,
      2,
      0
    ],
    [
      0,
      0,
      0,
      39,
      172,
      19,
      4
    ],
    [
      0,
      0,
      0,
      0,
      2,
      33,
      7
    ],
    [
      0,
      0,
      0,
      0,
      2,
      3,
      36
    ]
  ],
  "labels": [
    "Premium_White",
    "Near_Colorless_High",
    "Near_Colorless_Low",
    "Faint_Yellow",
    "Very_Light_Yellow",
    "Light_Yellow",
    "Yellow_LowEnd"
  ],
  "best_bacc": 0.7743274308916507,
  "epoch": 10,
  "model": "efficientnet_v2_s",
  "ordinal": true,
  "train_loss": 0.10895491911146042
}