label,per_class_acc
Premium_White,0.8654048370136698
Near_Colorless_High,0.6453427065026363
Near_Colorless_Low,0.612532637075718
Faint_Yellow,0.5367372353673724
Very_Light_Yellow,0.6666666666666666
Light_Yellow,0.7142857142857143
Yellow_LowEnd,0.7804878048780488
