{
  "acc": 0.7176786451879389,
  "bacc": 0.6887796573985465,
  "per_class_acc": [
    0.8654048370136698,
    0.6453427065026363,
    0.612532637075718,
    0.5367372353673724,
    0.6666666666666666,
    0.7142857142857143,
    0.7804878048780488
  ],
  "confusion_matrix": [
    [
      3292,
      494,
      17,
      1,
      0,
      0,
      0
    ],
    [
      526,
      1836,
      465,
      18,
      0,
      0,
      0
    ],
    [
      16,
      306,
      1173,
      378,
      40,
      1,
      1
    ],
    [
      1,
      0,
      104,
      431,
      257,
      10,
      0
    ],
    [
      0,
      0,
      2,
      13,
      156,
      59,
      4
    ],
    [
      0,
      0,
      0,
      0,
      3,
      30,
      9
    ],
    [
      0,
      0,
      0,
      0,
      4,
      5,
      32
    ]
  ],
  "labels": [
    "Premium_White",
    "Near_Colorless_High",
    "Near_Colorless_Low",
    "Faint_Yellow",
    "Very_Light_Yellow",
    "Light_Yellow",
    "Yellow_LowEnd"
  ],
  "best_bacc": 0.6887796573985465,
  "epoch": 2,
  "model": "efficientnet_v2_s",
  "ordinal": true,
  "train_loss": 0.39206023066374607
}