label,per_class_acc
Premium_White,0.9116719242902208
Near_Colorless_High,0.6253075571177504
Near_Colorless_Low,0.6579634464751958
Faint_Yellow,0.7584059775840598
Very_Light_Yellow,0.7905982905982906
Light_Yellow,0.7142857142857143
Yellow_LowEnd,0.9024390243902439
