{
  "acc": 0.7608426270136307,
  "bacc": 0.7658102763916393,
  "per_class_acc": [
    0.9116719242902208,
    0.6253075571177504,
    0.6579634464751958,
    0.7584059775840598,
    0.7905982905982906,
    0.7142857142857143,
    0.9024390243902439
  ],
  "confusion_matrix": [
    [
      3468,
      315,
      20,
      1,
      0,
      0,
      0
    ],
    [
      571,
      1779,
      479,
      16,
      0,
      0,
      0
    ],
    [
      3,
      255,
      1260,
      382,
      14,
      0,
      1
    ],
    [
      1,
      0,
      59,
      609,
      133,
      1,
      0
    ],
    [
      0,
      0,
      0,
      27,
      185,
      17,
      5
    ],
    [
      0,
      0,
      0,
      0,
      7,
      30,
      5
    ],
    [
      0,
      0,
      0,
      0,
      4,
      0,
      37
    ]
  ],
  "labels": [
    "Premium_White",
    "Near_Colorless_High",
    "Near_Colorless_Low",
    "Faint_Yellow",
    "Very_Light_Yellow",
    "Light_Yellow",
    "Yellow_LowEnd"
  ],
  "best_bacc": 0.7658102763916393,
  "epoch": 9,
  "model": "efficientnet_v2_s",
  "ordinal": true,
  "train_loss": 0.11426377329517011
}