label,per_class_acc
Premium_White,0.9116719242902208
Near_Colorless_High,0.5796133567662566
Near_Colorless_Low,0.6819843342036553
Faint_Yellow,0.7808219178082192
Very_Light_Yellow,0.7991452991452992
Light_Yellow,0.42857142857142855
Yellow_LowEnd,0.9512195121951219
