{
  "acc": 0.7532011565468815,
  "bacc": 0.7332896818543145,
  "per_class_acc": [
    0.9116719242902208,
    0.5796133567662566,
    0.6819843342036553,
    0.7808219178082192,
    0.7991452991452992,
    0.42857142857142855,
    0.9512195121951219
  ],
  "confusion_matrix": [
    [
      3468,
      303,
      32,
      1,
      0,
      0,
      0
    ],
    [
      595,
      1649,
      578,
      23,
      0,
      0,
      0
    ],
    [
      3,
      199,
      1306,
      395,
      11,
      0,
      1
    ],
    [
      1,
      0,
      50,
      627,
      123,
      1,
      1
    ],
    [
      0,
      0,
      0,
      26,
      187,
      11,
      10
    ],
    [
      0,
      0,
      0,
      0,
      9,
      18,
      15
    ],
    [
      0,
      0,
      0,
      0,
      2,
      0,
      39
    ]
  ],
  "labels": [
    "Premium_White",
    "Near_Colorless_High",
    "Near_Colorless_Low",
    "Faint_Yellow",
    "Very_Light_Yellow",
    "Light_Yellow",
    "Yellow_LowEnd"
  ],
  "best_bacc": 0.7332896818543145,
  "epoch": 7,
  "model": "efficientnet_v2_s",
  "ordinal": true,
  "train_loss": 0.1439379009208238
}