label,per_class_acc
Premium_White,0.9679284963196635
Near_Colorless_High,0.5293497363796134
Near_Colorless_Low,0.47728459530026107
Faint_Yellow,0.6151930261519303
Very_Light_Yellow,0.7948717948717948
Light_Yellow,0.6666666666666666
Yellow_LowEnd,0.926829268292683
