{
  "acc": 0.7071458075175547,
  "bacc": 0.7111605119975161,
  "per_class_acc": [
    0.9679284963196635,
    0.5293497363796134,
    0.47728459530026107,
    0.6151930261519303,
    0.7948717948717948,
    0.6666666666666666,
    0.926829268292683
  ],
  "confusion_matrix": [
    [
      3682,
      117,
      4,
      1,
      0,
      0,
      0
    ],
    [
      1182,
      1506,
      150,
      7,
      0,
      0,
      0
    ],
    [
      53,
      651,
      914,
      277,
      19,
      0,
      1
    ],
    [
      1,
      5,
      103,
      494,
      197,
      3,
      0
    ],
    [
      0,
      0,
      0,
      11,
      186,
      31,
      6
    ],
    [
      0,
      0,
      0,
      0,
      1,
      28,
      13
    ],
    [
      0,
      0,
      0,
      0,
      3,
      0,
      38
    ]
  ],
  "labels": [
    "Premium_White",
    "Near_Colorless_High",
    "Near_Colorless_Low",
    "Faint_Yellow",
    "Very_Light_Yellow",
    "Light_Yellow",
    "Yellow_LowEnd"
  ],
  "best_bacc": 0.7111605119975161,
  "epoch": 4,
  "model": "efficientnet_v2_s",
  "ordinal": true,
  "train_loss": 0.2290773201183186
}