label,per_class_acc
Premium_White,0.9398002103049422
Near_Colorless_High,0.5768014059753954
Near_Colorless_Low,0.6715404699738904
Faint_Yellow,0.813200498132005
Very_Light_Yellow,0.7435897435897436
Light_Yellow,0.5714285714285714
Yellow_LowEnd,0.8780487804878049
