{
  "acc": 0.7630111524163569,
  "bacc": 0.7420585256989075,
  "per_class_acc": [
    0.9398002103049422,
    0.5768014059753954,
    0.6715404699738904,
    0.813200498132005,
    0.7435897435897436,
    0.5714285714285714,
    0.8780487804878049
  ],
  "confusion_matrix": [
    [
      3575,
      213,
      15,
      1,
      0,
      0,
      0
    ],
    [
      720,
      1641,
      475,
      9,
      0,
      0,
      0
    ],
    [
      12,
      223,
      1286,
      387,
      6,
      0,
      1
    ],
    [
      1,
      0,
      58,
      653,
      88,
      2,
      1
    ],
    [
      0,
      0,
      0,
      37,
      174,
      16,
      7
    ],
    [
      0,
      0,
      0,
      0,
      9,
      24,
      9
    ],
    [
      0,
      0,
      0,
      0,
      3,
      2,
      36
    ]
  ],
  "labels": [
    "Premium_White",
    "Near_Colorless_High",
    "Near_Colorless_Low",
    "Faint_Yellow",
    "Very_Light_Yellow",
    "Light_Yellow",
    "Yellow_LowEnd"
  ],
  "best_bacc": 0.7420585256989075,
  "epoch": 8,
  "model": "efficientnet_v2_s",
  "ordinal": true,
  "train_loss": 0.1297804849171545
}