label,per_class_acc
Premium_White,0.582807570977918
Near_Colorless_High,0.15817223198594024
Near_Colorless_Low,0.13159268929503917
Faint_Yellow,0.19427148194271482
Very_Light_Yellow,0.26495726495726496
Light_Yellow,0.42857142857142855
Yellow_LowEnd,0.7317073170731707
