{
  "acc": 0.3288930194134655,
  "bacc": 0.35601142640049666,
  "per_class_acc": [
    0.582807570977918,
    0.15817223198594024,
    0.13159268929503917,
    0.19427148194271482,
    0.26495726495726496,
    0.42857142857142855,
    0.7317073170731707
  ],
  "confusion_matrix": [
    [
      2217,
      471,
      298,
      298,
      251,
      189,
      80
    ],
    [
      1018,
      450,
      343,
      318,
      296,
      282,
      138
    ],
    [
      343,
      235,
      252,
      342,
      287,
      297,
      159
    ],
    [
      50,
      47,
      67,
      156,
      200,
      157,
      126
    ],
    [
      4,
      5,
      9,
      22,
      62,
      55,
      77
    ],
    [
      0,
      0,
      0,
      1,
      6,
      18,
      17
    ],
    [
      0,
      0,
      0,
      2,
      4,
      5,
      30
    ]
  ],
  "labels": [
    "Premium_White",
    "Near_Colorless_High",
    "Near_Colorless_Low",
    "Faint_Yellow",
    "Very_Light_Yellow",
    "Light_Yellow",
    "Yellow_LowEnd"
  ],
  "best_bacc": 0.35601142640049666,
  "epoch": 1,
  "model": "efficientnet_v2_s",
  "ordinal": true,
  "train_loss": 1.0996723592182902
}