label,per_class_acc
Premium_White,0.6072555205047319
Near_Colorless_High,0.1444639718804921
Near_Colorless_Low,0.11122715404699739
Faint_Yellow,0.1382316313823163
Very_Light_Yellow,0.31196581196581197
Light_Yellow,0.2619047619047619
Yellow_LowEnd,0.7073170731707317
