{
  "acc": 0.3261049153242462,
  "bacc": 0.32605227497940614,
  "per_class_acc": [
    0.6072555205047319,
    0.1444639718804921,
    0.11122715404699739,
    0.1382316313823163,
    0.31196581196581197,
    0.2619047619047619,
    0.7073170731707317
  ],
  "confusion_matrix": [
    [
      2310,
      416,
      269,
      228,
      362,
      93,
      126
    ],
    [
      1077,
      411,
      318,
      256,
      434,
      149,
      200
    ],
    [
      401,
      223,
      213,
      279,
      412,
      162,
      225
    ],
    [
      72,
      59,
      68,
      111,
      259,
      91,
      143
    ],
    [
      7,
      1,
      10,
      15,
      73,
      29,
      99
    ],
    [
      0,
      0,
      0,
      1,
      7,
      11,
      23
    ],
    [
      0,
      0,
      2,
      0,
      7,
      3,
      29
    ]
  ],
  "labels": [
    "Premium_White",
    "Near_Colorless_High",
    "Near_Colorless_Low",
    "Faint_Yellow",
    "Very_Light_Yellow",
    "Light_Yellow",
    "Yellow_LowEnd"
  ],
  "best_bacc": 0.32605227497940614,
  "epoch": 1,
  "model": "efficientnet_v2_s",
  "ordinal": true,
  "train_loss": 1.0587186354383962
}